target_date,provider_id,currency_pair,name,days,swap_buy,swap_sell,settlement_date,status,actual_date
2026-02-16,central_tanshi,MXN/JPY,セントラル短資FX,1.0,14.5,-16.5,2/17,success,2026/02/16
2026-02-16,click365_okasan,MXN/JPY,クリック365,1.0,13.9,-13.9,None,success,2026/02/16
2026-02-16,dmm,MXN/JPY,DMM FX,1.0,None,None,None,error,None
2026-02-16,gaitame,MXN/JPY,外為どっとコム,1.0,None,None,None,error,None
2026-02-16,gmo,MXN/JPY,GMO外貨,1.0,14.1,-14.1,None,success,2026/02/16
2026-02-16,gmo_click,MXN/JPY,GMOクリック証券,1.0,14.5,-14.5,None,success,2026/02/16
2026-02-16,hirose,MXN/JPY,ヒロセ通商,1.0,,,None,error,2026/02/16
2026-02-16,invast,MXN/JPY,トライオートFX,1.0,15.0,-30.2,None,success,2026/02/16
2026-02-16,jfx,MXN/JPY,JFX,1.0,None,None,None,error,None
2026-02-16,linefx,MXN/JPY,linefx,1.0,11.0,-16.0,None,success,2026/02/16
2026-02-16,matsui,MXN/JPY,MATSUI FX,1.0,12.0,-22.0,None,success,2026/02/16
2026-02-16,saxo,MXN/JPY,サクソバンク証券,1.0,None,None,None,error,None
2026-02-16,sbi,MXN/JPY,SBI FXトレード,1.0,None,None,None,error,None
2026-02-16,traders_light,MXN/JPY,LIGHT FX,1.0,13.6,-13.6,None,success,2026/02/16
2026-02-16,traders_light_light,MXN/JPY,LIGHT FX（LIGHT）,1.0,13.7,-13.7,None,success,2026/02/16
2026-02-16,traders_min,MXN/JPY,みんなのFX,1.0,None,None,None,error,None
2026-02-16,traders_min_light,MXN/JPY,みんなのFX（LIGHT）,1.0,14.1,-14.1,None,success,2026/02/16
2026-02-17,central_tanshi,MXN/JPY,セントラル短資FX,1.0,14.5,-16.5,2/18,success,2026/02/17
2026-02-17,click365_okasan,MXN/JPY,クリック365,1.0,None,None,None,error,None
2026-02-17,dmm,MXN/JPY,DMM FX,1.0,14.0,-17.0,02/17,success,2026/02/17
2026-02-17,gaitame,MXN/JPY,外為どっとコム,1.0,14.0,-19.0,None,success,2026/02/27
2026-02-17,gmo,MXN/JPY,GMO外貨,1.0,15.1,-15.1,None,success,2026/02/17
2026-02-17,gmo_click,MXN/JPY,GMOクリック証券,1.0,14.5,-14.5,None,success,2026/02/17
2026-02-17,hirose,MXN/JPY,ヒロセ通商,1.0,14.0,-19.0,None,success,2026/02/17
2026-02-17,invast,MXN/JPY,トライオートFX,1.0,None,None,None,error,2026/02/17
2026-02-17,jfx,MXN/JPY,JFX,1.0,None,None,None,error,None
2026-02-17,linefx,MXN/JPY,linefx,1.0,11.0,-16.0,None,success,2026/02/17
2026-02-17,matsui,MXN/JPY,MATSUI FX,1.0,None,None,None,error,2026/02/17
2026-02-17,saxo,MXN/JPY,サクソバンク証券,1.0,None,None,None,error,None
2026-02-17,sbi,MXN/JPY,SBI FXトレード,1.0,13.0,-16.0,02月19日,success,2026/02/17
2026-02-17,traders_light,MXN/JPY,LIGHT FX,1.0,13.7,-13.7,2026-02-17,success,2026/02/17
2026-02-17,traders_light_light,MXN/JPY,LIGHT FX（LIGHT）,1.0,13.7,-13.7,2026-02-17,success,2026/02/17
2026-02-17,traders_min,MXN/JPY,みんなのFX,1.0,13.6,-13.6,None,success,2026/02/17
2026-02-17,traders_min_light,MXN/JPY,みんなのFX（LIGHT）,1.0,14.1,-14.1,None,success,2026/02/17
2026-02-18,central_tanshi,MXN/JPY,セントラル短資FX,4.0,14.5,-16.5,2/19,success,2026/02/18
2026-02-18,click365_okasan,MXN/JPY,クリック365,4.0,None,None,None,error,2026/02/18
2026-02-18,dmm,MXN/JPY,DMM FX,1.0,14.0,-17.0,02/18,success,2026/02/18
2026-02-18,gaitame,MXN/JPY,外為どっとコム,4.0,None,None,None,error,None
2026-02-18,gmo,MXN/JPY,GMO外貨,4.0,14.5,-14.5,None,success,2026/02/18
2026-02-18,gmo_click,MXN/JPY,GMOクリック証券,1.0,14.5,-14.5,None,success,2026/02/18
2026-02-18,hirose,MXN/JPY,ヒロセ通商,1.0,14.0,-19.0,None,success,2026/02/18
2026-02-18,invast,MXN/JPY,トライオートFX,4.0,9.799999999999999,-19.933333333333334,None,success,2026/02/18
2026-02-18,jfx,MXN/JPY,JFX,4.0,0.0,-10.0,None,error,2013-02-18
2026-02-18,linefx,MXN/JPY,linefx,4.0,None,None,None,error,None
2026-02-18,matsui,MXN/JPY,MATSUI FX,4.0,12.0,-22.0,None,success,2026/02/18
2026-02-18,saxo,MXN/JPY,サクソバンク証券,4.0,None,None,None,error,None
2026-02-18,sbi,MXN/JPY,SBI FXトレード,1.0,None,None,None,error,2026/02/18
2026-02-18,traders_light,MXN/JPY,LIGHT FX,4.0,13.6,-13.6,None,success,2026/02/18
2026-02-18,traders_light_light,MXN/JPY,LIGHT FX（LIGHT）,4.0,13.7,-13.7,None,success,2026/02/18
2026-02-18,traders_min,MXN/JPY,みんなのFX,4.0,13.6,-13.6,None,success,2026/02/18
2026-02-18,traders_min_light,MXN/JPY,みんなのFX（LIGHT）,4.0,14.1,-14.1,02/20 (金),success,2026/02/18
2026-02-19,central_tanshi,MXN/JPY,セントラル短資FX,1.0,14.5,-16.5,2/20,success,2026/02/19
2026-02-19,click365_okasan,MXN/JPY,クリック365,1.0,None,None,None,error,2026/02/19
2026-02-19,dmm,MXN/JPY,DMM FX,4.0,14.0,-17.0,02/19,success,2026/02/19
2026-02-19,gaitame,MXN/JPY,外為どっとコム,1.0,None,None,None,error,None
2026-02-19,gmo,MXN/JPY,GMO外貨,1.0,14.5,-14.5,None,success,2026/02/19
2026-02-19,gmo_click,MXN/JPY,GMOクリック証券,1.0,14.5,-14.5,None,success,2026/02/19
2026-02-19,hirose,MXN/JPY,ヒロセ通商,1.0,14.0,-19.0,None,success,2026/02/19
2026-02-19,invast,MXN/JPY,トライオートFX,1.0,14.7,-29.9,None,success,2026/02/19
2026-02-19,jfx,MXN/JPY,JFX,1.0,600.0,-70.0,None,error,2013/02/19
2026-02-19,linefx,MXN/JPY,linefx,1.0,11.0,-16.0,None,success,2026/02/19
2026-02-19,matsui,MXN/JPY,MATSUI FX,1.0,12.0,-22.0,None,success,2026/02/19
2026-02-19,saxo,MXN/JPY,サクソバンク証券,1.0,None,None,None,error,None
2026-02-19,sbi,MXN/JPY,SBI FXトレード,4.0,None,None,None,error,2026/02/19
2026-02-19,traders_light,MXN/JPY,LIGHT FX,1.0,14.1,-14.1,02/19,success,2026/02/19
2026-02-19,traders_light_light,MXN/JPY,LIGHT FX（LIGHT）,1.0,14.2,-14.2,None,success,2026/02/19
2026-02-19,traders_min,MXN/JPY,みんなのFX,1.0,14.1,-14.1,None,success,2026/02/19
2026-02-19,traders_min_light,MXN/JPY,みんなのFX（LIGHT）,1.0,14.6,-14.6,None,success,2026/02/19
2026-02-20,central_tanshi,MXN/JPY,セントラル短資FX,1.0,None,None,None,error,None
2026-02-20,dmm,MXN/JPY,DMM FX,1.0,14.0,-17.0,02/20,success,2026/02/20
2026-02-20,gmo,MXN/JPY,GMO外貨,0.0,0.0,0.0,None,success,2026/02/20
2026-02-20,gmo_click,MXN/JPY,GMOクリック証券,0.0,0.0,0.0,None,success,2026/02/20
2026-02-24,central_tanshi,MXN/JPY,セントラル短資FX,1.0,14.5,-16.5,2/25,success,2026/02/24
2026-02-24,click365_okasan,MXN/JPY,クリック365,1.0,14.1,-14.1,None,success,2026/02/24
2026-02-24,dmm,MXN/JPY,DMM FX,1.0,14.0,-17.0,2026-02-26,success,2026/02/24
2026-02-24,gaitame,MXN/JPY,外為どっとコム,1.0,14.0,-19.0,2/24,success,2026/02/24
2026-02-24,gmo,MXN/JPY,GMO外貨,1.0,14.5,-14.5,None,success,2026/02/24
2026-02-24,gmo_click,MXN/JPY,GMOクリック証券,1.0,14.5,-14.5,None,success,2026/02/24
2026-02-24,hirose,MXN/JPY,ヒロセ通商,1.0,None,None,None,error,2026/02/24
2026-02-24,invast,MXN/JPY,トライオートFX,1.0,None,None,None,error,None
2026-02-24,jfx,MXN/JPY,JFX,1.0,None,None,None,error,None
2026-02-24,linefx,MXN/JPY,linefx,1.0,11.0,-16.0,None,success,2026/02/24
2026-02-24,matsui,MXN/JPY,MATSUI FX,1.0,None,None,None,error,None
2026-02-24,saxo,MXN/JPY,サクソバンク証券,1.0,10.94,-20.26,None,success,2026/02/24
2026-02-24,sbi,MXN/JPY,SBI FXトレード,1.0,None,None,02月26日,error,2026/02/24
2026-02-24,traders_light,MXN/JPY,LIGHT FX,1.0,14.1,-14.1,None,success,2026/02/24
2026-02-24,traders_light_light,MXN/JPY,LIGHT FX（LIGHT）,1.0,14.2,-14.2,None,success,2026/02/24
2026-02-24,traders_min,MXN/JPY,みんなのFX,1.0,14.1,-14.1,None,success,2026/02/24
2026-02-24,traders_min_light,MXN/JPY,みんなのFX（LIGHT）,1.0,15.1,-15.1,02/24,success,2026/02/24
2026-02-25,central_tanshi,MXN/JPY,セントラル短資FX,3.0,14.5,-16.5,2/26,success,2026/02/25
2026-02-25,click365_okasan,MXN/JPY,クリック365,3.0,None,None,None,error,2026/02/25
2026-02-25,dmm,MXN/JPY,DMM FX,1.0,14.0,-17.0,02/25,success,2026/02/25
2026-02-25,gaitame,MXN/JPY,外為どっとコム,3.0,None,None,None,error,None
2026-02-25,gmo,MXN/JPY,GMO外貨,3.0,None,None,None,error,None
2026-02-25,gmo_click,MXN/JPY,GMOクリック証券,1.0,14.5,-14.5,None,success,2026/02/25
2026-02-25,hirose,MXN/JPY,ヒロセ通商,3.0,14.0,-19.0,None,success,2026/02/25
2026-02-25,invast,MXN/JPY,トライオートFX,3.0,10.95,-22.35,None,success,2026/02/25
2026-02-25,jfx,MXN/JPY,JFX,1.0,14.0,-19.0,None,success,2026/02/25
2026-02-25,linefx,MXN/JPY,linefx,3.0,None,None,None,error,None
2026-02-25,matsui,MXN/JPY,MATSUI FX,3.0,None,None,None,error,None
2026-02-25,saxo,MXN/JPY,サクソバンク証券,3.0,10.89,-20.33,None,success,2026/02/25
2026-02-25,sbi,MXN/JPY,SBI FXトレード,1.0,None,None,None,error,2026/02/25
2026-02-25,traders_light,MXN/JPY,LIGHT FX,3.0,None,None,None,error,None
2026-02-25,traders_light_light,MXN/JPY,LIGHT FX（LIGHT）,3.0,14.200000000000001,-14.200000000000001,None,success,2026/02/25
2026-02-25,traders_min,MXN/JPY,みんなのFX,3.0,15.1,-15.1,None,success,2026/02/25
2026-02-25,traders_min_light,MXN/JPY,みんなのFX（LIGHT）,3.0,15.1,-15.1,None,success,2026/02/25
2026-02-26,central_tanshi,MXN/JPY,セントラル短資FX,1.0,14.5,-16.5,2/27,success,2026/02/26
2026-02-26,click365_okasan,MXN/JPY,クリック365,1.0,13.7,-13.7,None,success,2026/02/26
2026-02-26,dmm,MXN/JPY,DMM FX,3.0,None,None,None,error,None
2026-02-26,gaitame,MXN/JPY,外為どっとコム,1.0,14.0,-19.0,None,success,2026/02/27
2026-02-26,gmo,MXN/JPY,GMO外貨,1.0,14.5,-14.5,None,success,2026/02/26
2026-02-26,gmo_click,MXN/JPY,GMOクリック証券,1.0,14.5,-14.5,None,success,2026/02/26
2026-02-26,hirose,MXN/JPY,ヒロセ通商,1.0,14.0,-19.0,None,success,2026/02/26
2026-02-26,invast,MXN/JPY,トライオートFX,1.0,14.6,-29.8,None,success,2026/02/26
2026-02-26,jfx,MXN/JPY,JFX,1.0,140.0,-190.0,None,error,2026/02/27
2026-02-26,linefx,MXN/JPY,linefx,1.0,12.0,-17.0,2/26,success,2026/02/26
2026-02-26,matsui,MXN/JPY,MATSUI FX,1.0,13.0,-23.0,None,success,2026/02/26
2026-02-26,saxo,MXN/JPY,サクソバンク証券,1.0,11.163333333333334,-20.099999999999998,None,success,2026/02/26
2026-02-26,sbi,MXN/JPY,SBI FXトレード,3.0,None,None,None,error,2026/02/26
2026-02-26,traders_light,MXN/JPY,LIGHT FX,1.0,14.2,-14.2,None,success,2026/02/26
2026-02-26,traders_light_light,MXN/JPY,LIGHT FX（LIGHT）,1.0,14.2,-14.2,None,success,2026/02/26
2026-02-26,traders_min,MXN/JPY,みんなのFX,1.0,14.1,-14.1,None,success,2026/02/26
2026-02-26,traders_min_light,MXN/JPY,みんなのFX（LIGHT）,1.0,15.1,-15.1,None,success,2026/02/26
2026-02-27,central_tanshi,MXN/JPY,セントラル短資FX,1.0,14.5,-16.5,3/2,success,2026/02/27
2026-02-27,click365_okasan,MXN/JPY,クリック365,1.0,14.4,-14.4,None,success,2026/02/27
2026-02-27,dmm,MXN/JPY,DMM FX,1.0,None,None,None,error,None
2026-02-27,gaitame,MXN/JPY,外為どっとコム,1.0,14.0,-19.0,None,success,2026/02/27
2026-02-27,gmo,MXN/JPY,GMO外貨,1.0,15.1,-15.1,3月2日(月),success,2026/03/02
2026-02-27,gmo_click,MXN/JPY,GMOクリック証券,1.0,14.5,-14.5,None,success,2026/02/27
2026-02-27,hirose,MXN/JPY,ヒロセ通商,1.0,14.0,-19.0,None,success,2026/02/27
2026-02-27,invast,MXN/JPY,トライオートFX,1.0,14.6,-29.8,None,success,2026/02/27
2026-02-27,jfx,MXN/JPY,JFX,1.0,14.0,-19.0,None,success,2026/02/27
2026-02-27,linefx,MXN/JPY,linefx,1.0,12.0,-17.0,2/27(金),success,2026/02/27
2026-02-27,matsui,MXN/JPY,MATSUI FX,1.0,13.0,-23.0,None,success,2026/02/27
2026-02-27,saxo,MXN/JPY,サクソバンク証券,1.0,11.27,-20.23,None,success,2026/02/27
2026-02-27,sbi,MXN/JPY,SBI FXトレード,1.0,None,None,None,error,None
2026-02-27,traders_light,MXN/JPY,LIGHT FX,1.0,14.1,-14.1,None,success,2026/02/27
2026-02-27,traders_light_light,MXN/JPY,LIGHT FX（LIGHT）,1.0,14.2,-14.2,None,success,2026/02/27
2026-02-27,traders_min,MXN/JPY,みんなのFX,1.0,,,02/27,error,2026/02/27
2026-02-27,traders_min_light,MXN/JPY,みんなのFX（LIGHT）,1.0,15.1,-15.1,None,success,2026/02/27
2026-03-02,central_tanshi,MXN/JPY,セントラル短資FX,1.0,14.6,-16.6,3/3,success,2026/03/02
2026-03-02,click365_okasan,MXN/JPY,クリック365,1.0,13.8,-13.8,None,success,2026/03/02
2026-03-02,dmm,MXN/JPY,DMM FX,1.0,14.0,-17.0,03/02,success,2026/03/02
2026-03-02,gaitame,MXN/JPY,外為どっとコム,1.0,14.0,-19.0,None,success,2026/03/02
2026-03-02,gmo,MXN/JPY,GMO外貨,1.0,15.1,-15.1,None,success,2026/03/02
2026-03-02,gmo_click,MXN/JPY,GMOクリック証券,1.0,14.5,-14.5,None,success,2026/03/02
2026-03-02,hirose,MXN/JPY,ヒロセ通商,1.0,14.0,-19.0,None,success,2026/03/02
2026-03-02,invast,MXN/JPY,トライオートFX,1.0,None,None,None,error,2026/03/02
2026-03-02,linefx,MXN/JPY,linefx,1.0,None,None,None,error,2026/03/02
2026-03-02,saxo,MXN/JPY,サクソバンク証券,1.0,11.42,-21.08,None,success,2026-03-02
2026-03-02,sbi,MXN/JPY,SBI FXトレード,1.0,None,None,None,error,None
2026-03-02,traders_light,MXN/JPY,LIGHT FX,1.0,14.1,-14.1,03/02,success,2026/03/02
2026-03-02,traders_light_light,MXN/JPY,LIGHT FX（LIGHT）,1.0,14.2,-14.2,None,success,2026/03/02
2026-03-02,traders_min,MXN/JPY,みんなのFX,1.0,14.1,-14.1,None,success,2026/03/02
2026-03-02,traders_min_light,MXN/JPY,みんなのFX（LIGHT）,1.0,15.1,-15.1,None,success,2026/03/02
2026-03-03,central_tanshi,MXN/JPY,セントラル短資FX,1.0,None,None,None,error,None
2026-03-03,click365_okasan,MXN/JPY,クリック365,1.0,13.8,-13.8,None,success,2026/03/03
2026-03-03,dmm,MXN/JPY,DMM FX,1.0,14.0,-17.0,None,success,2026/03/03
2026-03-03,gaitame,MXN/JPY,外為どっとコム,1.0,14.0,-19.0,None,success,2026/03/03
2026-03-03,gmo,MXN/JPY,GMO外貨,1.0,None,None,None,error,2026/03/03
2026-03-03,gmo_click,MXN/JPY,GMOクリック証券,1.0,14.5,-14.5,None,success,2026/03/03
2026-03-03,hirose,MXN/JPY,ヒロセ通商,1.0,14.1,-19.1,None,success,2026/03/03
2026-03-03,invast,MXN/JPY,トライオートFX,1.0,None,None,None,error,2026/03/03
2026-03-03,jfx,MXN/JPY,JFX,1.0,14.0,-19.0,None,success,2026/03/03
2026-03-03,linefx,MXN/JPY,linefx,1.0,12.0,-17.0,03/03(火),success,2026/03/03
2026-03-03,matsui,MXN/JPY,MATSUI FX,1.0,13.0,-23.0,None,success,2026/03/03
2026-03-03,saxo,MXN/JPY,サクソバンク証券,1.0,11.14,-20.54,None,success,2026-03-03
2026-03-03,sbi,MXN/JPY,SBI FXトレード,1.0,13.0,-16.0,03月05日,success,2026/03/03
2026-03-03,traders_light,MXN/JPY,LIGHT FX,1.0,14.1,-14.1,03/03,success,2026/03/03
2026-03-03,traders_light_light,MXN/JPY,LIGHT FX（LIGHT）,1.0,14.2,-14.2,03/03,success,2026/03/03
2026-03-03,traders_min,MXN/JPY,みんなのFX,1.0,14.1,-14.1,None,success,2026/03/03
2026-03-03,traders_min_light,MXN/JPY,みんなのFX（LIGHT）,1.0,15.1,-15.1,03/03,success,2026/03/03
2026-03-04,central_tanshi,MXN/JPY,セントラル短資FX,3.0,14.6,-16.599999999999998,3/5,success,2026/03/04
2026-03-04,click365_okasan,MXN/JPY,クリック365,3.0,14.333333333333334,-14.333333333333334,3/4,success,2026/03/04
2026-03-04,dmm,MXN/JPY,DMM FX,1.0,14.0,-17.0,03/04,success,2026/03/04
2026-03-04,gaitame,MXN/JPY,外為どっとコム,3.0,14.0,-19.0,None,success,2026/03/04
2026-03-04,gmo,MXN/JPY,GMO外貨,3.0,15.1,-15.1,None,success,2026/03/04
2026-03-04,gmo_click,MXN/JPY,GMOクリック証券,3.0,None,None,None,error,None
2026-03-04,hirose,MXN/JPY,ヒロセ通商,3.0,14.1,-19.1,None,success,2026/03/04
2026-03-04,invast,MXN/JPY,トライオートFX,3.0,10.95,-22.35,None,success,2026/03/04
2026-03-04,jfx,MXN/JPY,JFX,3.0,14.0,-19.0,None,success,2026/03/04
2026-03-04,linefx,MXN/JPY,linefx,3.0,12.0,-17.0,None,success,2026/03/04
2026-03-04,matsui,MXN/JPY,MATSUI FX,3.0,13.0,-23.0,None,success,2026/03/04
2026-03-04,saxo,MXN/JPY,サクソバンク証券,1.0,10.72,-20.05,None,success,2026-03-04
2026-03-04,sbi,MXN/JPY,SBI FXトレード,1.0,None,None,None,error,None
2026-03-04,traders_light,MXN/JPY,LIGHT FX,3.0,14.1,-14.1,None,success,2026/03/04
2026-03-04,traders_light_light,MXN/JPY,LIGHT FX（LIGHT）,1.0,14.2,-14.2,None,success,2026/03/04
2026-03-04,traders_min,MXN/JPY,みんなのFX,3.0,14.1,-14.1,03/04,success,2026/03/04
2026-03-04,traders_min_light,MXN/JPY,みんなのFX（LIGHT）,3.0,15.1,-15.1,03/04,success,2026/03/04
2026-03-05,central_tanshi,MXN/JPY,セントラル短資FX,1.0,14.6,-16.6,3/6,success,2026/03/05
2026-03-05,click365_okasan,MXN/JPY,クリック365,1.0,13.4,-13.4,None,success,2026/03/05
2026-03-05,dmm,MXN/JPY,DMM FX,3.0,14.0,-17.0,03/05,success,2026/03/05
2026-03-05,gaitame,MXN/JPY,外為どっとコム,1.0,14.0,-19.0,None,success,2026/03/05
2026-03-05,gmo,MXN/JPY,GMO外貨,1.0,14.5,-14.5,None,success,2026/03/05
2026-03-05,gmo_click,MXN/JPY,GMOクリック証券,1.0,14.5,-14.5,None,success,2026/03/05
2026-03-05,hirose,MXN/JPY,ヒロセ通商,1.0,14.1,-19.1,None,success,2026-03-05
2026-03-05,invast,MXN/JPY,トライオートFX,1.0,None,None,None,error,2026/03/05
2026-03-05,jfx,MXN/JPY,JFX,1.0,14.0,-19.0,None,success,2026/03/05
2026-03-05,linefx,MXN/JPY,linefx,1.0,12.0,-17.0,None,success,2026/03/05
2026-03-05,matsui,MXN/JPY,MATSUI FX,1.0,None,None,None,error,2026/03/05
2026-03-05,saxo,MXN/JPY,サクソバンク証券,1.0,10.863,-19.433,None,success,2026-03-05
2026-03-05,sbi,MXN/JPY,SBI FXトレード,3.0,None,None,None,error,None
2026-03-05,traders_light,MXN/JPY,LIGHT FX,1.0,14.1,-14.1,03/05,success,2026/03/05
2026-03-05,traders_light_light,MXN/JPY,LIGHT FX（LIGHT）,1.0,14.2,-14.2,03/05,success,2026/03/05
2026-03-05,traders_min,MXN/JPY,みんなのFX,1.0,15.1,-15.1,03/05,success,2026/03/05
2026-03-05,traders_min_light,MXN/JPY,みんなのFX（LIGHT）,1.0,15.1,-15.1,None,success,2026/03/05
2026-03-06,central_tanshi,MXN/JPY,セントラル短資FX,1.0,14.6,-16.6,3/9,success,2026/03/06
2026-03-06,click365_okasan,MXN/JPY,クリック365,1.0,12.1,-12.1,None,success,2026/03/06
2026-03-06,dmm,MXN/JPY,DMM FX,1.0,14.0,-17.0,None,success,2026/03/06
2026-03-06,gaitame,MXN/JPY,外為どっとコム,1.0,14.0,-19.0,None,success,2026/03/06
2026-03-06,gmo,MXN/JPY,GMO外貨,1.0,14.5,-14.5,None,success,2026/03/06
2026-03-06,gmo_click,MXN/JPY,GMOクリック証券,1.0,14.5,-14.5,None,success,2026/03/06
2026-03-06,hirose,MXN/JPY,ヒロセ通商,1.0,14.1,-19.1,None,error,2026/03/06
2026-03-06,invast,MXN/JPY,トライオートFX,1.0,14.6,-29.8,None,success,2026/03/06
2026-03-06,jfx,MXN/JPY,JFX,1.0,14.0,-19.0,None,success,2026/03/06
2026-03-06,matsui,MXN/JPY,MATSUI FX,1.0,None,None,None,success,2026/03/06
2026-03-06,saxo,MXN/JPY,サクソバンク証券,1.0,11.27,-20.23,None,success,2026/02/27
2026-03-06,sbi,MXN/JPY,SBI FXトレード,1.0,14.0,-17.0,03月10日,success,2026/03/06
2026-03-06,traders_light,MXN/JPY,LIGHT FX,1.0,14.1,-14.1,None,success,2026/03/06
2026-03-06,traders_light_light,MXN/JPY,LIGHT FX（LIGHT）,1.0,14.2,-14.2,None,success,2026/03/06
2026-03-06,traders_min,MXN/JPY,みんなのFX,1.0,14.1,-14.1,None,success,2026/03/06
2026-03-06,traders_min_light,MXN/JPY,みんなのFX（LIGHT）,1.0,15.1,-15.1,03/06,success,2026/03/06
2026-03-09,central_tanshi,MXN/JPY,セントラル短資FX,1.0,13.6,-15.6,3/10,success,2026/03/09
2026-03-09,click365_okasan,MXN/JPY,クリック365,1.0,None,None,None,error,2026/03/09
2026-03-09,dmm,MXN/JPY,DMM FX,1.0,14.0,-17.0,03/09,success,2026/03/09
2026-03-09,gaitame,MXN/JPY,外為どっとコム,1.0,12.0,-17.0,None,success,2026/03/09
2026-03-09,gmo,MXN/JPY,GMO外貨,1.0,14.5,-14.5,None,success,2026/03/09
2026-03-09,gmo_click,MXN/JPY,GMOクリック証券,1.0,14.5,-14.5,None,success,2026/03/09
2026-03-09,hirose,MXN/JPY,ヒロセ通商,1.0,14.1,-19.1,None,success,2026/03/09
2026-03-09,invast,MXN/JPY,トライオートFX,1.0,13.6,-21.1,None,success,2026/03/09
2026-03-09,jfx,MXN/JPY,JFX,1.0,14.0,-19.0,None,success,2026/03/09
2026-03-09,matsui,MXN/JPY,MATSUI FX,1.0,13.0,-23.0,None,success,2026/03/09
2026-03-09,saxo,MXN/JPY,サクソバンク証券,1.0,None,None,None,error,None
2026-03-09,sbi,MXN/JPY,SBI FXトレード,1.0,None,None,None,error,None
2026-03-09,traders_light,MXN/JPY,LIGHT FX,1.0,14.1,-14.1,None,success,2026/03/09
2026-03-09,traders_light_light,MXN/JPY,LIGHT FX（LIGHT）,1.0,14.2,-14.2,None,success,2026/03/09
2026-03-09,traders_min,MXN/JPY,みんなのFX,1.0,15.1,-15.1,-,success,2026/03/09
2026-03-09,traders_min_light,MXN/JPY,みんなのFX（LIGHT）,1.0,15.1,-15.1,None,success,2026/03/09
2026-03-10,central_tanshi,MXN/JPY,セントラル短資FX,1.0,None,None,None,error,None
2026-03-10,click365_okasan,MXN/JPY,クリック365,1.0,12.1,-12.1,None,success,2026/03/10
2026-03-10,dmm,MXN/JPY,DMM FX,1.0,13.0,-16.0,None,success,2026/03/10
2026-03-10,gaitame,MXN/JPY,外為どっとコム,1.0,12.0,-17.0,None,success,2026/03/10
2026-03-10,gmo,MXN/JPY,GMO外貨,1.0,14.5,-14.5,None,success,2026/03/10
2026-03-10,gmo_click,MXN/JPY,GMOクリック証券,1.0,14.5,-14.5,None,success,2026/03/10
2026-03-10,hirose,MXN/JPY,ヒロセ通商,1.0,14.1,-19.1,None,success,2026/03/10
2026-03-10,invast,MXN/JPY,トライオートFX,1.0,None,None,None,error,2026/03/10
2026-03-10,jfx,MXN/JPY,JFX,1.0,14.0,-19.0,None,success,2026/03/10
2026-03-10,matsui,MXN/JPY,MATSUI FX,1.0,11.0,-21.0,None,success,2026/03/10
2026-03-10,saxo,MXN/JPY,サクソバンク証券,1.0,None,None,None,error,None
2026-03-10,sbi,MXN/JPY,SBI FXトレード,1.0,13.0,-16.0,03月12日,success,2026/03/10
2026-03-10,traders_light,MXN/JPY,LIGHT FX,1.0,14.1,-14.1,None,success,2026/03/10
2026-03-10,traders_light_light,MXN/JPY,LIGHT FX（LIGHT）,1.0,14.2,-14.2,None,success,2026/03/10
2026-03-10,traders_min,MXN/JPY,みんなのFX,1.0,14.6,-14.6,None,success,2026/03/10
2026-03-10,traders_min_light,MXN/JPY,みんなのFX（LIGHT）,1.0,14.6,-14.6,None,success,2026/03/10
2026-03-11,central_tanshi,MXN/JPY,セントラル短資FX,4.0,None,None,None,error,None
2026-03-11,click365_okasan,MXN/JPY,クリック365,4.0,13.525,-13.525,None,success,2026/03/11
2026-03-11,dmm,MXN/JPY,DMM FX,1.0,13.0,-16.0,None,success,2026/03/11
2026-03-11,gaitame,MXN/JPY,外為どっとコム,4.0,12.0,-17.0,None,success,2026/03/11
2026-03-11,gmo,MXN/JPY,GMO外貨,4.0,15.0,-15.0,None,success,2026/03/11
2026-03-11,gmo_click,MXN/JPY,GMOクリック証券,4.0,None,None,None,error,None
2026-03-11,hirose,MXN/JPY,ヒロセ通商,4.0,13.1,-18.1,None,success,2026/03/11
2026-03-11,invast,MXN/JPY,トライオートFX,4.0,None,None,None,error,None
2026-03-11,jfx,MXN/JPY,JFX,4.0,14.0,-19.0,None,success,2026/03/11
2026-03-11,matsui,MXN/JPY,MATSUI FX,4.0,11.0,-21.0,None,success,2026/03/11
2026-03-11,saxo,MXN/JPY,サクソバンク証券,4.0,None,None,None,error,None
2026-03-11,sbi,MXN/JPY,SBI FXトレード,1.0,None,None,None,error,None
2026-03-11,traders_light,MXN/JPY,LIGHT FX,4.0,13.1,-13.1,None,success,2026/03/11
2026-03-11,traders_light_light,MXN/JPY,LIGHT FX（LIGHT）,4.0,13.1,-13.1,None,success,2026/03/11
2026-03-11,traders_min,MXN/JPY,みんなのFX,4.0,None,None,None,error,None
2026-03-11,traders_min_light,MXN/JPY,みんなのFX（LIGHT）,4.0,13.6,-13.6,None,success,2026/03/11
2026-03-12,central_tanshi,MXN/JPY,セントラル短資FX,1.0,12.6,-14.6,3/12,success,2026/03/11
2026-03-12,click365_okasan,MXN/JPY,クリック365,1.0,13.7,-13.7,None,success,2026/03/12
2026-03-12,dmm,MXN/JPY,DMM FX,4.0,13.0,-16.0,None,success,2026/03/12
2026-03-12,gaitame,MXN/JPY,外為どっとコム,1.0,13.0,-18.0,None,success,2026/03/12
2026-03-12,gmo,MXN/JPY,GMO外貨,1.0,15.1,-15.1,None,success,2026/03/12
2026-03-12,gmo_click,MXN/JPY,GMOクリック証券,1.0,14.0,-14.0,None,success,2026/03/12
2026-03-12,hirose,MXN/JPY,ヒロセ通商,1.0,13.1,-18.1,None,success,2026/03/12
2026-03-12,invast,MXN/JPY,トライオートFX,1.0,None,None,None,error,2026/03/12
2026-03-12,jfx,MXN/JPY,JFX,1.0,14.0,-19.0,None,success,2026/03/12
2026-03-12,matsui,MXN/JPY,MATSUI FX,1.0,None,None,None,error,None
2026-03-12,saxo,MXN/JPY,サクソバンク証券,1.0,None,None,None,error,None
2026-03-12,sbi,MXN/JPY,SBI FXトレード,4.0,None,None,None,error,None
2026-03-12,traders_light,MXN/JPY,LIGHT FX,1.0,13.1,-13.1,None,success,2026/03/12
2026-03-12,traders_light_light,MXN/JPY,LIGHT FX（LIGHT）,1.0,13.2,-13.2,None,success,2026/03/12
2026-03-12,traders_min,MXN/JPY,みんなのFX,1.0,13.1,-13.1,None,success,2026/03/12
2026-03-12,traders_min_light,MXN/JPY,みんなのFX（LIGHT）,1.0,13.6,-13.6,None,success,2026/03/12
2026-03-13,central_tanshi,MXN/JPY,セントラル短資FX,1.0,0.0,0.0,None,success,2026/03/13
2026-03-13,click365_okasan,MXN/JPY,クリック365,0.0,0.0,0.0,None,error,2026/03/13
2026-03-13,dmm,MXN/JPY,DMM FX,1.0,13.0,-16.0,None,success,2026/03/13
2026-03-13,gaitame,MXN/JPY,外為どっとコム,1.0,None,None,None,error,2026/03/13
2026-03-13,gmo,MXN/JPY,GMO外貨,0.0,0.0,0.0,None,success,2026/03/13
2026-03-13,gmo_click,MXN/JPY,GMOクリック証券,1.0,None,None,None,error,None
2026-03-13,hirose,MXN/JPY,ヒロセ通商,0.0,0.0,0.0,None,success,2026/03/13
2026-03-13,invast,MXN/JPY,トライオートFX,0.0,0.0,0.0,2026-03-13,success,2026/03/13
2026-03-13,jfx,MXN/JPY,JFX,1.0,14.0,-19.0,None,success,2026/03/13
2026-03-13,matsui,MXN/JPY,MATSUI FX,1.0,None,None,None,success,2026/03/13
2026-03-13,saxo,MXN/JPY,サクソバンク証券,1.0,9.99,-19.37,None,success,2026/03/06
2026-03-13,sbi,MXN/JPY,SBI FXトレード,1.0,None,None,None,error,None
2026-03-13,traders_light,MXN/JPY,LIGHT FX,1.0,None,None,None,error,None
2026-03-13,traders_light_light,MXN/JPY,LIGHT FX（LIGHT）,1.0,None,None,None,error,None
2026-03-13,traders_min,MXN/JPY,みんなのFX,1.0,None,None,None,success,2026/03/13
2026-03-13,traders_min_light,MXN/JPY,みんなのFX（LIGHT）,1.0,None,None,03/13,success,2026/03/13
2026-03-16,central_tanshi,MXN/JPY,セントラル短資FX,1.0,13.6,-15.6,3/17,success,2026/03/16
2026-03-16,click365_okasan,MXN/JPY,クリック365,1.0,None,None,None,error,None
2026-03-16,dmm,MXN/JPY,DMM FX,0.0,0.0,0.0,None,success,2026/03/16
2026-03-16,gaitame,MXN/JPY,外為どっとコム,1.0,None,None,None,error,None
2026-03-16,gmo,MXN/JPY,GMO外貨,1.0,14.5,-14.5,None,success,2026/03/16
2026-03-16,gmo_click,MXN/JPY,GMOクリック証券,1.0,14.0,-14.0,None,success,2026/03/16
2026-03-16,hirose,MXN/JPY,ヒロセ通商,1.0,13.1,-18.1,None,success,2026/03/16
2026-03-16,invast,MXN/JPY,トライオートFX,1.0,14.1,-29.3,None,success,2026/03/16
2026-03-16,jfx,MXN/JPY,JFX,1.0,None,None,None,error,None
2026-03-16,matsui,MXN/JPY,MATSUI FX,1.0,11.0,-21.0,None,success,2026/03/16
2026-03-16,sbi,MXN/JPY,SBI FXトレード,1.0,None,None,None,error,None
2026-03-16,traders_light,MXN/JPY,LIGHT FX,1.0,13.1,-13.1,None,success,2026/03/16
2026-03-16,traders_light_light,MXN/JPY,LIGHT FX（LIGHT）,1.0,13.1,-13.1,None,success,2026/03/16
2026-03-16,traders_min,MXN/JPY,みんなのFX,1.0,13.1,-13.1,None,success,2026/03/16
2026-03-16,traders_min_light,MXN/JPY,みんなのFX（LIGHT）,1.0,14.1,-14.1,None,success,2026/03/16
2026-03-17,central_tanshi,MXN/JPY,セントラル短資FX,4.0,14.0,-16.0,3/18,success,2026/03/17
2026-03-17,click365_okasan,MXN/JPY,クリック365,4.0,14.225,-14.225,None,success,2026/03/17
2026-03-17,dmm,MXN/JPY,DMM FX,1.0,13.0,-16.0,None,success,2026/03/17
2026-03-17,gaitame,MXN/JPY,外為どっとコム,4.0,13.0,-18.0,None,success,2026/03/17
2026-03-17,gmo,MXN/JPY,GMO外貨,4.0,14.5,-14.5,None,success,2026/03/17
2026-03-17,gmo_click,MXN/JPY,GMOクリック証券,4.0,14.0,-14.0,None,success,2026/03/17
2026-03-17,hirose,MXN/JPY,ヒロセ通商,4.0,13.1,-18.1,None,success,2026/03/17
2026-03-17,invast,MXN/JPY,トライオートFX,4.0,14.1,-29.3,None,success,2026/03/17
2026-03-17,jfx,MXN/JPY,JFX,4.0,14.0,-19.0,None,success,2026/03/17
2026-03-17,matsui,MXN/JPY,MATSUI FX,4.0,10.4,-18.4,3/17,success,2026/03/17
2026-03-17,sbi,MXN/JPY,SBI FXトレード,1.0,None,None,None,error,None
2026-03-17,traders_light,MXN/JPY,LIGHT FX,4.0,13.1,-13.1,None,success,2026/03/17
2026-03-17,traders_light_light,MXN/JPY,LIGHT FX（LIGHT）,4.0,13.2,-13.2,None,success,2026/03/17
2026-03-17,traders_min,MXN/JPY,みんなのFX,4.0,None,None,None,error,None
2026-03-17,traders_min_light,MXN/JPY,みんなのFX（LIGHT）,4.0,14.1,-14.1,None,success,2026/03/17
2026-03-18,central_tanshi,MXN/JPY,セントラル短資FX,1.0,14.5,-16.5,3/19,success,2026/03/18
2026-03-18,click365_okasan,MXN/JPY,クリック365,1.0,13.4,-13.4,None,success,2026/03/18
2026-03-18,dmm,MXN/JPY,DMM FX,4.0,13.0,-16.0,None,success,2026/03/18
2026-03-18,gaitame,MXN/JPY,外為どっとコム,1.0,13.0,-18.0,None,success,2026/03/18
2026-03-18,gmo,MXN/JPY,GMO外貨,1.0,14.5,-14.5,None,success,2026/03/18
2026-03-18,gmo_click,MXN/JPY,GMOクリック証券,1.0,None,None,None,error,None
2026-03-18,hirose,MXN/JPY,ヒロセ通商,1.0,14.0,-19.0,None,success,2026/03/18
2026-03-18,invast,MXN/JPY,トライオートFX,1.0,14.1,-29.3,None,success,2026/03/18
2026-03-18,jfx,MXN/JPY,JFX,1.0,14.0,-19.0,None,success,2026/03/18
2026-03-18,matsui,MXN/JPY,MATSUI FX,1.0,13.0,-23.0,None,success,2026/03/18
2026-03-18,sbi,MXN/JPY,SBI FXトレード,4.0,None,None,None,error,None
2026-03-18,traders_light,MXN/JPY,LIGHT FX,1.0,13.1,-13.1,None,success,2026/03/18
2026-03-18,traders_light_light,MXN/JPY,LIGHT FX（LIGHT）,1.0,13.2,-13.2,N/A,success,2026/03/18
2026-03-18,traders_min,MXN/JPY,みんなのFX,1.0,None,None,None,error,None
2026-03-18,traders_min_light,MXN/JPY,みんなのFX（LIGHT）,1.0,14.1,-14.1,None,success,2026/03/18
2026-03-19,central_tanshi,MXN/JPY,セントラル短資FX,1.0,14.5,-16.5,3/19,success,2026/03/18
2026-03-19,click365_okasan,MXN/JPY,クリック365,1.0,None,None,None,error,None
2026-03-19,dmm,MXN/JPY,DMM FX,1.0,14.0,-17.0,None,success,2026/03/19
2026-03-19,gaitame,MXN/JPY,外為どっとコム,1.0,None,None,None,error,None
2026-03-19,gmo,MXN/JPY,GMO外貨,0.0,0.0,0.0,None,success,2026/03/19
2026-03-19,gmo_click,MXN/JPY,GMOクリック証券,0.0,0.0,0.0,None,success,2026/03/19
2026-03-19,hirose,MXN/JPY,ヒロセ通商,0.0,0.0,0.0,None,success,2026/03/19
2026-03-19,invast,MXN/JPY,トライオートFX,0.0,0.0,0.0,None,success,2026/03/19
2026-03-19,jfx,MXN/JPY,JFX,1.0,None,None,None,error,None
2026-03-19,matsui,MXN/JPY,MATSUI FX,1.0,None,None,None,error,None
2026-03-19,sbi,MXN/JPY,SBI FXトレード,1.0,None,None,None,error,None
2026-03-19,traders_light,MXN/JPY,LIGHT FX,1.0,None,None,None,error,None
2026-03-19,traders_light_light,MXN/JPY,LIGHT FX（LIGHT）,1.0,None,None,03/19,success,2026/03/19
2026-03-19,traders_min,MXN/JPY,みんなのFX,1.0,None,None,None,error,None
2026-03-19,traders_min_light,MXN/JPY,みんなのFX（LIGHT）,1.0,None,None,None,error,None
2026-03-23,dmm,MXN/JPY,DMM FX,1.0,14.0,-17.0,None,success,2026/03/23
2026-03-23,gmo_click,MXN/JPY,GMOクリック証券,1.0,14.0,-14.0,None,success,2026/03/23
2026-03-24,central_tanshi,MXN/JPY,セントラル短資FX,1.0,14.5,-16.5,3/25,success,2026/03/24
2026-03-24,dmm,MXN/JPY,DMM FX,1.0,14.0,-17.0,None,success,2026/03/24
2026-03-24,gmo,MXN/JPY,GMO外貨,1.0,9.0,-14.5,None,success,2026/03/24
2026-03-24,gmo_click,MXN/JPY,GMOクリック証券,1.0,14.0,-14.0,None,success,2026/03/24
2026-03-24,invast,MXN/JPY,トライオートFX,1.0,None,None,None,error,None
2026-03-24,jfx,MXN/JPY,JFX,1.0,14.0,-19.0,None,success,2026/03/24
2026-03-24,traders_light,MXN/JPY,LIGHT FX,1.0,14.1,-14.1,None,success,2026/03/24
2026-03-24,traders_light_light,MXN/JPY,LIGHT FX（LIGHT）,1.0,None,None,None,error,None
2026-03-24,traders_min_light,MXN/JPY,みんなのFX（LIGHT）,1.0,15.1,-15.1,None,error,2026/03/24
2026-03-25,central_tanshi,MXN/JPY,セントラル短資FX,3.0,14.5,-16.5,3/26,success,2026/03/25
2026-03-25,click365_okasan,MXN/JPY,クリック365,3.0,14.866666666666665,-14.866666666666665,None,success,2026/03/25
2026-03-25,dmm,MXN/JPY,DMM FX,1.0,14.0,-17.0,None,success,2026/03/25
2026-03-25,gaitame,MXN/JPY,外為どっとコム,3.0,14.0,-19.0,None,success,2026/03/25
2026-03-25,gmo,MXN/JPY,GMO外貨,3.0,14.5,-14.5,None,success,2026/03/25
2026-03-25,gmo_click,MXN/JPY,GMOクリック証券,3.0,None,None,None,error,None
2026-03-25,hirose,MXN/JPY,ヒロセ通商,3.0,14.0,-19.0,None,success,2026/03/25
2026-03-25,invast,MXN/JPY,トライオートFX,3.0,None,None,None,error,2026/03/26
2026-03-25,jfx,MXN/JPY,JFX,1.0,14.0,-19.0,None,success,2026/03/25
2026-03-25,matsui,MXN/JPY,MATSUI FX,3.0,13.0,-23.0,None,success,2026/03/25
2026-03-25,sbi,MXN/JPY,SBI FXトレード,1.0,None,None,None,error,None
2026-03-25,traders_light,MXN/JPY,LIGHT FX,3.0,None,None,None,error,None
2026-03-25,traders_light_light,MXN/JPY,LIGHT FX（LIGHT）,3.0,14.1,-14.1,None,success,2026/03/25
2026-03-25,traders_min,MXN/JPY,みんなのFX,3.0,14.1,-14.1,None,success,2026/03/25
2026-03-25,traders_min_light,MXN/JPY,みんなのFX（LIGHT）,3.0,15.1,-15.1,None,success,2026/03/25
2026-03-26,central_tanshi,MXN/JPY,セントラル短資FX,1.0,10.0,-15.0,3/27,success,2026/03/26
2026-03-26,dmm,MXN/JPY,DMM FX,3.0,14.0,-17.0,2026-03-30 (月),success,2026/03/26
2026-03-26,gmo,MXN/JPY,GMO外貨,1.0,14.5,-14.5,None,success,2026/03/26
2026-03-26,gmo_click,MXN/JPY,GMOクリック証券,1.0,14.0,-14.0,None,success,2026/03/26
2026-03-27,central_tanshi,MXN/JPY,セントラル短資FX,1.0,14.5,-16.5,3/30,success,2026/03/27
2026-03-27,dmm,MXN/JPY,DMM FX,1.0,14.0,-17.0,None,success,2026/03/27
2026-03-27,gmo,MXN/JPY,GMO外貨,1.0,14.5,-14.5,None,success,2026/03/27
2026-03-27,gmo_click,MXN/JPY,GMOクリック証券,1.0,14.0,-14.0,None,success,2026/03/27
2026-03-31,central_tanshi,MXN/JPY,セントラル短資FX,1.0,14.5,-16.5,4/1,success,2026/03/31
2026-03-31,click365_okasan,MXN/JPY,クリック365,1.0,13.0,-13.0,None,success,2026/03/31
2026-03-31,dmm,MXN/JPY,DMM FX,1.0,14.0,-17.0,03/31,success,2026/03/31
2026-03-31,gaitame,MXN/JPY,外為どっとコム,1.0,14.0,-19.0,None,success,2026/03/31
2026-03-31,gmo,MXN/JPY,GMO外貨,1.0,14.1,-14.1,None,success,2026/03/31
2026-03-31,gmo_click,MXN/JPY,GMOクリック証券,1.0,14.0,-14.0,None,success,2026/03/31
2026-03-31,hirose,MXN/JPY,ヒロセ通商,1.0,14.0,-19.0,None,success,2026/03/31
2026-03-31,invast,MXN/JPY,トライオートFX,1.0,None,None,None,error,2026/03/31
2026-03-31,jfx,MXN/JPY,JFX,1.0,14.0,-19.0,None,success,2026/03/31
2026-03-31,matsui,MXN/JPY,MATSUI FX,1.0,13.0,-23.0,None,success,2026/03/31
2026-03-31,sbi,MXN/JPY,SBI FXトレード,1.0,14.0,-17.0,04月06日,success,2026/03/31
2026-03-31,traders_light,MXN/JPY,LIGHT FX,1.0,14.1,-14.1,None,success,2026/03/31
2026-03-31,traders_light_light,MXN/JPY,LIGHT FX（LIGHT）,1.0,14.2,-14.2,None,success,2026/03/31
2026-03-31,traders_min,MXN/JPY,みんなのFX,1.0,14.1,-14.1,-,success,2026/03/31
2026-03-31,traders_min_light,MXN/JPY,みんなのFX（LIGHT）,1.0,14.6,-14.6,03/31,success,2026/03/31
2026-04-01,central_tanshi,MXN/JPY,セントラル短資FX,1.0,0.0,0.0,4/2,success,2026/04/01
2026-04-01,click365_okasan,MXN/JPY,クリック365,1.0,0.0,0.0,None,error,2026/04/01
2026-04-01,dmm,MXN/JPY,DMM FX,1.0,None,None,None,error,None
2026-04-01,gaitame,MXN/JPY,外為どっとコム,1.0,0.0,0.0,2026-04-01,success,2026/04/01
2026-04-01,gmo,MXN/JPY,GMO外貨,0.0,0.0,0.0,None,success,2026/04/01
2026-04-01,gmo_click,MXN/JPY,GMOクリック証券,1.0,0.0,0.0,None,success,2026/04/01
2026-04-01,hirose,MXN/JPY,ヒロセ通商,1.0,0.0,0.0,None,success,2026/04/01
2026-04-01,invast,MXN/JPY,トライオートFX,1.0,0.0,0.0,None,success,2026/04/01
2026-04-01,jfx,MXN/JPY,JFX,1.0,0.0,0.0,2026-04-01,success,2026-04-01
2026-04-01,matsui,MXN/JPY,MATSUI FX,0.0,0.0,0.0,None,success,2026/04/01
2026-04-01,sbi,MXN/JPY,SBI FXトレード,1.0,None,None,None,error,None
2026-04-01,traders_light,MXN/JPY,LIGHT FX,1.0,None,None,None,success,2026/04/01
2026-04-01,traders_light_light,MXN/JPY,LIGHT FX（LIGHT）,1.0,None,None,04/01,success,2026/04/01
2026-04-01,traders_min,MXN/JPY,みんなのFX,1.0,None,None,None,success,2026/04/01
2026-04-01,traders_min_light,MXN/JPY,みんなのFX（LIGHT）,1.0,None,None,None,success,2026/04/01
2026-04-02,central_tanshi,MXN/JPY,セントラル短資FX,1.0,0.0,0.0,None,success,2026/04/02
2026-04-02,click365_okasan,MXN/JPY,クリック365,1.0,None,None,None,error,2026/04/02
2026-04-02,dmm,MXN/JPY,DMM FX,0.0,0.0,0.0,04/02,success,2026/04/02
2026-04-02,gaitame,MXN/JPY,外為どっとコム,0.0,0.0,0.0,None,success,2026/04/02
2026-04-02,gmo,MXN/JPY,GMO外貨,0.0,0.0,0.0,None,success,2026/04/02
2026-04-02,gmo_click,MXN/JPY,GMOクリック証券,1.0,0.0,0.0,None,success,2026/04/02
2026-04-02,hirose,MXN/JPY,ヒロセ通商,1.0,14.0,-19.0,None,success,2026/04/02
2026-04-02,invast,MXN/JPY,トライオートFX,1.0,None,None,None,error,2026/04/02
2026-04-02,jfx,MXN/JPY,JFX,1.0,None,None,None,error,None
2026-04-02,matsui,MXN/JPY,MATSUI FX,0.0,0.0,0.0,None,success,2026/04/02
2026-04-02,sbi,MXN/JPY,SBI FXトレード,1.0,None,None,None,error,None
2026-04-02,traders_light,MXN/JPY,LIGHT FX,1.0,None,None,None,error,None
2026-04-02,traders_light_light,MXN/JPY,LIGHT FX（LIGHT）,1.0,None,None,None,error,None
2026-04-02,traders_min,MXN/JPY,みんなのFX,1.0,None,None,None,error,None
2026-04-02,traders_min_light,MXN/JPY,みんなのFX（LIGHT）,1.0,None,None,None,success,2026/04/02
2026-04-03,central_tanshi,MXN/JPY,セントラル短資FX,1.0,14.5,-16.5,4/6,success,2026/04/03
2026-04-03,click365_okasan,MXN/JPY,クリック365,1.0,13.6,-13.6,None,success,2026/04/03
2026-04-03,dmm,MXN/JPY,DMM FX,1.0,13.5,-13.8,None,success,2026/04/03
2026-04-03,gaitame,MXN/JPY,外為どっとコム,1.0,14.0,-19.0,None,success,2026/04/03
2026-04-03,gmo,MXN/JPY,GMO外貨,1.0,14.1,-14.1,None,success,2026/04/03
2026-04-03,gmo_click,MXN/JPY,GMOクリック証券,1.0,14.0,-14.0,None,success,2026/04/03
2026-04-03,hirose,MXN/JPY,ヒロセ通商,1.0,14.0,-19.0,None,success,2026/04/03
2026-04-03,invast,MXN/JPY,トライオートFX,1.0,14.7,-29.9,None,success,2026/04/03
2026-04-03,jfx,MXN/JPY,JFX,None,None,None,None,error,None
2026-04-03,matsui,MXN/JPY,MATSUI FX,None,None,None,None,error,2026/04/03
2026-04-03,saxo,MXN/JPY,サクソバンク証券,None,None,None,None,error,None
2026-04-03,sbi,MXN/JPY,SBI FXトレード,None,None,None,04月07日,error,2026/04/03
2026-04-03,traders_light,MXN/JPY,LIGHT FX,1.0,14.2,-14.2,None,success,2026/04/03
2026-04-03,traders_light_light,MXN/JPY,LIGHT FX（LIGHT）,1.0,14.2,-14.2,None,success,2026/04/03
2026-04-03,traders_min,MXN/JPY,みんなのFX,1.0,14.1,-14.1,None,success,2026/04/03
2026-04-03,traders_min_light,MXN/JPY,みんなのFX（LIGHT）,1.0,14.6,-14.6,None,success,2026/04/03
2026-04-06,central_tanshi,MXN/JPY,セントラル短資FX,1.0,14.5,-16.5,4/7,success,2026/04/06
2026-04-06,click365_okasan,MXN/JPY,クリック365,1.0,14.2,-14.2,None,success,2026/04/06
2026-04-06,dmm,MXN/JPY,DMM FX,1.0,14.0,-17.0,-,success,2026/04/06
2026-04-06,gaitame,MXN/JPY,外為どっとコム,1.0,14.0,-19.0,None,success,2026/04/06
2026-04-06,gmo,MXN/JPY,GMO外貨,1.0,None,None,None,error,None
2026-04-06,gmo_click,MXN/JPY,GMOクリック証券,1.0,14.0,-14.0,None,success,2026/04/06
2026-04-06,hirose,MXN/JPY,ヒロセ通商,1.0,14.0,-19.0,None,success,2026/04/06
2026-04-06,invast,MXN/JPY,トライオートFX,1.0,14.7,-29.9,None,success,2026/04/06
2026-04-06,jfx,MXN/JPY,JFX,1.0,14.0,-19.0,None,success,2026/04/06
2026-04-06,matsui,MXN/JPY,MATSUI FX,1.0,13.0,-23.0,None,success,2026/04/06
2026-04-06,saxo,MXN/JPY,サクソバンク証券,1,10.66,-19.47,None,success,2026-04-06
2026-04-06,sbi,MXN/JPY,SBI FXトレード,1.0,None,None,None,error,None
2026-04-06,traders_light,MXN/JPY,LIGHT FX,1.0,14.1,-14.1,04/06,success,2026/04/06
2026-04-06,traders_light_light,MXN/JPY,LIGHT FX（LIGHT）,1.0,14.2,-14.2,None,success,2026/04/06
2026-04-06,traders_min,MXN/JPY,みんなのFX,1.0,14.1,-14.1,04/06,success,2026/04/06
2026-04-06,traders_min_light,MXN/JPY,みんなのFX（LIGHT）,1.0,14.6,-14.6,None,success,2026/04/06
2026-04-07,central_tanshi,MXN/JPY,セントラル短資FX,1.0,14.5,-16.5,4/8,success,2026/04/07
2026-04-07,click365_okasan,MXN/JPY,クリック365,1.0,14.0,-14.0,4/7,success,2026/04/07
2026-04-07,dmm,MXN/JPY,DMM FX,1.0,14.0,-17.0,None,success,2026/04/07
2026-04-07,gaitame,MXN/JPY,外為どっとコム,1.0,14.0,-19.0,None,success,2026/04/07
2026-04-07,gmo,MXN/JPY,GMO外貨,1.0,14.1,-14.1,None,success,2026/04/07
2026-04-07,gmo_click,MXN/JPY,GMOクリック証券,1.0,14.0,-14.0,None,success,2026/04/07
2026-04-07,hirose,MXN/JPY,ヒロセ通商,1.0,14.0,-19.0,None,success,2026/04/07
2026-04-07,invast,MXN/JPY,トライオートFX,1.0,14.7,-29.9,None,success,2026/04/07
2026-04-07,jfx,MXN/JPY,JFX,1.0,14.0,-19.0,None,success,2026/04/07
2026-04-07,matsui,MXN/JPY,MATSUI FX,1.0,13.0,-23.0,None,success,2026/04/07
2026-04-07,saxo,MXN/JPY,サクソバンク証券,1,10.59,-19.21,,success,2026-04-07
2026-04-07,sbi,MXN/JPY,SBI FXトレード,1.0,14.0,-17.0,04月09日,success,2026/04/07
2026-04-07,traders_light,MXN/JPY,LIGHT FX,1.0,14.2,-14.2,None,success,2026/04/07
2026-04-07,traders_light_light,MXN/JPY,LIGHT FX（LIGHT）,1.0,14.2,-14.2,None,success,2026/04/07
2026-04-07,traders_min,MXN/JPY,みんなのFX,1.0,14.1,-14.1,04/07,success,2026/04/07
2026-04-07,traders_min_light,MXN/JPY,みんなのFX（LIGHT）,1.0,14.6,-14.6,None,success,2026/04/07
2026-04-08,central_tanshi,MXN/JPY,セントラル短資FX,3.0,14.5,-16.5,4/9,success,2026/04/08
2026-04-08,click365_okasan,MXN/JPY,クリック365,3.0,45.1,-45.1,None,error,2026/04/08
2026-04-08,dmm,MXN/JPY,DMM FX,1.0,14.0,-17.0,None,success,2026/04/08
2026-04-08,gaitame,MXN/JPY,外為どっとコム,3.0,14.0,-19.0,None,success,2026/04/08
2026-04-08,gmo,MXN/JPY,GMO外貨,3.0,None,None,None,error,None
2026-04-08,gmo_click,MXN/JPY,GMOクリック証券,3.0,42.0,-42.0,None,error,2026/04/08
2026-04-08,hirose,MXN/JPY,ヒロセ通商,3.0,14.0,-19.0,None,success,2026/04/08
2026-04-08,invast,MXN/JPY,トライオートFX,3.0,14.700000000000001,-29.900000000000002,None,success,2026/04/08
2026-04-08,jfx,MXN/JPY,JFX,3.0,14.0,-19.0,None,success,2026/04/08
2026-04-08,matsui,MXN/JPY,MATSUI FX,3.0,13.0,-23.0,None,success,2026/04/08
2026-04-08,saxo,MXN/JPY,サクソバンク証券,1,10.76,-20.03,,success,2026-04-08
2026-04-08,sbi,MXN/JPY,SBI FXトレード,1.0,None,None,None,error,None
2026-04-08,traders_light,MXN/JPY,LIGHT FX,3.0,14.1,-14.1,None,success,2026/04/08
2026-04-08,traders_light_light,MXN/JPY,LIGHT FX（LIGHT）,3.0,14.200000000000001,-14.200000000000001,None,success,2026/04/08
2026-04-08,traders_min,MXN/JPY,みんなのFX,3.0,42.3,-42.3,None,error,2026/04/08
2026-04-08,traders_min_light,MXN/JPY,みんなのFX（LIGHT）,3.0,14.6,-14.6,None,success,2026/04/08
2026-04-09,central_tanshi,MXN/JPY,セントラル短資FX,1.0,14.5,-16.5,None,success,2026/04/09
2026-04-09,click365_okasan,MXN/JPY,クリック365,1.0,14.2,-14.2,None,success,2026/04/09
2026-04-09,dmm,MXN/JPY,DMM FX,3.0,14.0,-17.0,None,success,2026/04/09
2026-04-09,gaitame,MXN/JPY,外為どっとコム,1.0,14.0,-19.0,None,success,2026/04/09
2026-04-09,gmo,MXN/JPY,GMO外貨,1.0,14.1,-14.1,None,success,2026/04/09
2026-04-09,gmo_click,MXN/JPY,GMOクリック証券,1.0,14.0,-14.0,None,success,2026/04/09
2026-04-09,hirose,MXN/JPY,ヒロセ通商,1.0,14.0,-19.0,None,success,2026/04/09
2026-04-09,invast,MXN/JPY,トライオートFX,1.0,14.7,-29.9,None,success,2026/04/09
2026-04-09,jfx,MXN/JPY,JFX,1.0,14.0,-19.0,None,success,2026/04/09
2026-04-09,matsui,MXN/JPY,MATSUI FX,1.0,13.0,-23.0,None,success,2026/04/09
2026-04-09,saxo,MXN/JPY,サクソバンク証券,3,10.88,-19.5,,success,2026-04-09
2026-04-09,sbi,MXN/JPY,SBI FXトレード,3.0,None,None,None,error,None
2026-04-09,traders_light,MXN/JPY,LIGHT FX,1.0,14.1,-14.1,None,success,2026/04/09
2026-04-09,traders_light_light,MXN/JPY,LIGHT FX（LIGHT）,1.0,14.2,-14.2,None,success,2026/04/09
2026-04-09,traders_min,MXN/JPY,みんなのFX,1.0,14.1,-14.1,None,success,2026/04/09
2026-04-09,traders_min_light,MXN/JPY,みんなのFX（LIGHT）,1.0,14.6,-14.6,None,success,2026/04/09
2026-04-10,central_tanshi,MXN/JPY,セントラル短資FX,1.0,14.5,-16.5,4/13,success,2026/04/10
2026-04-10,click365_okasan,MXN/JPY,クリック365,1.0,14.5,-14.5,None,success,2026/04/10
2026-04-10,dmm,MXN/JPY,DMM FX,1.0,14.0,-17.0,None,success,2026/04/10
2026-04-10,gaitame,MXN/JPY,外為どっとコム,1.0,14.0,-19.0,None,success,2026/04/10
2026-04-10,gmo,MXN/JPY,GMO外貨,1.0,14.1,-14.1,None,success,2026/04/10
2026-04-10,gmo_click,MXN/JPY,GMOクリック証券,1.0,14.0,-14.0,None,success,2026/04/10
2026-04-10,hirose,MXN/JPY,ヒロセ通商,1.0,14.0,-19.0,None,success,2026/04/10
2026-04-10,invast,MXN/JPY,トライオートFX,1.0,14.7,-29.9,None,success,2026/04/10
2026-04-10,jfx,MXN/JPY,JFX,1.0,14.0,-19.0,None,success,2026/04/10
2026-04-10,matsui,MXN/JPY,MATSUI FX,1.0,None,None,None,error,None
2026-04-10,saxo,MXN/JPY,サクソバンク証券,1,11.4,-19.94,None,success,2026-04-10
2026-04-10,sbi,MXN/JPY,SBI FXトレード,1.0,14.0,-17.0,04月14日,success,2026/04/10
2026-04-10,traders_light,MXN/JPY,LIGHT FX,1.0,14.2,-14.2,None,success,2026/04/10
2026-04-10,traders_light_light,MXN/JPY,LIGHT FX（LIGHT）,1.0,14.2,-14.2,None,success,2026/04/10
2026-04-10,traders_min,MXN/JPY,みんなのFX,1.0,14.6,-14.6,None,success,2026/04/10
2026-04-10,traders_min_light,MXN/JPY,みんなのFX（LIGHT）,1.0,14.6,-14.6,None,success,2026/04/10
2026-04-13,central_tanshi,MXN/JPY,セントラル短資FX,1.0,14.5,-16.5,4/14,success,2026/04/13
2026-04-13,click365_okasan,MXN/JPY,クリック365,1,14.2,-14.2,None,success,2026-04-13
2026-04-13,dmm,MXN/JPY,DMM FX,1.0,None,None,None,error,None
2026-04-13,gaitame,MXN/JPY,外為どっとコム,1.0,14.0,-19.0,None,success,2026/04/13
2026-04-13,gmo,MXN/JPY,GMO外貨,1.0,None,None,None,error,2026/04/13
2026-04-13,gmo_click,MXN/JPY,GMOクリック証券,1.0,14.0,-14.0,None,success,2026/04/13
2026-04-13,hirose,MXN/JPY,ヒロセ通商,1.0,14.0,-19.0,None,success,2026/04/13
2026-04-13,invast,MXN/JPY,トライオートFX,1.0,None,None,None,error,None
2026-04-13,jfx,MXN/JPY,JFX,1.0,14.0,-19.0,None,success,2026/04/13
2026-04-13,matsui,MXN/JPY,MATSUI FX,1.0,None,None,None,error,None
2026-04-13,saxo,MXN/JPY,サクソバンク証券,1.0,None,None,None,error,None
2026-04-13,sbi,MXN/JPY,SBI FXトレード,1.0,None,None,None,error,None
2026-04-13,traders_light,MXN/JPY,LIGHT FX,1.0,None,None,None,success,2026/04/13
2026-04-13,traders_light_light,MXN/JPY,LIGHT FX（LIGHT）,1.0,None,None,None,success,2026/04/13
2026-04-13,traders_min,MXN/JPY,みんなのFX,1.0,None,None,None,success,2026/04/13
2026-04-13,traders_min_light,MXN/JPY,みんなのFX（LIGHT）,1.0,None,None,None,success,2026/04/13
2026-04-14,central_tanshi,MXN/JPY,セントラル短資FX,1.0,14.5,-16.5,4/15,success,2026/04/14
2026-04-14,click365_okasan,MXN/JPY,クリック365,1,14.6,-14.6,None,success,2026-04-14
2026-04-14,dmm,MXN/JPY,DMM FX,1.0,14.0,None,04/14,success,2026/04/14
2026-04-14,gaitame,MXN/JPY,外為どっとコム,1.0,14.0,-19.0,None,success,2026/04/14
2026-04-14,gmo,MXN/JPY,GMO外貨,1.0,None,None,None,error,2026/04/14
2026-04-14,gmo_click,MXN/JPY,GMOクリック証券,1.0,14.0,-14.0,None,success,2026/04/14
2026-04-14,hirose,MXN/JPY,ヒロセ通商,1.0,14.0,-19.0,None,success,2026/04/14
2026-04-14,invast,MXN/JPY,トライオートFX,1.0,None,None,None,error,None
2026-04-14,jfx,MXN/JPY,JFX,1.0,14.0,-19.0,None,success,2026/04/14
2026-04-14,matsui,MXN/JPY,MATSUI FX,1.0,None,None,None,error,None
2026-04-14,saxo,MXN/JPY,サクソバンク証券,1.0,None,None,None,error,None
2026-04-14,sbi,MXN/JPY,SBI FXトレード,1.0,14.0,-17.0,04月16日,success,2026/04/14
2026-04-14,traders_light,MXN/JPY,LIGHT FX,1.0,None,None,None,error,None
2026-04-14,traders_light_light,MXN/JPY,LIGHT FX（LIGHT）,1.0,None,None,None,success,2026/04/14
2026-04-14,traders_min,MXN/JPY,みんなのFX,1.0,None,None,None,error,None
2026-04-14,traders_min_light,MXN/JPY,みんなのFX（LIGHT）,1.0,None,None,None,success,2026/04/14
2026-04-15,central_tanshi,MXN/JPY,セントラル短資FX,3.0,14.5,-16.5,4/16,success,2026/04/15
2026-04-15,click365_okasan,MXN/JPY,クリック365,3.0,None,None,None,error,None
2026-04-15,dmm,MXN/JPY,DMM FX,1.0,14.0,None,None,success,2026/04/15
2026-04-15,gaitame,MXN/JPY,外為どっとコム,3.0,14.0,-19.0,None,success,2026/04/15
2026-04-15,gmo,MXN/JPY,GMO外貨,3.0,None,None,None,error,2026/04/15
2026-04-15,gmo_click,MXN/JPY,GMOクリック証券,3.0,14.0,-14.0,None,success,2026/04/15
2026-04-15,hirose,MXN/JPY,ヒロセ通商,3.0,14.0,-19.0,None,success,2026/04/15
2026-04-15,invast,MXN/JPY,トライオートFX,3.0,None,None,None,error,None
2026-04-15,jfx,MXN/JPY,JFX,3.0,14.0,-19.0,None,success,2026/04/15
2026-04-15,matsui,MXN/JPY,MATSUI FX,3.0,None,None,None,error,None
2026-04-15,saxo,MXN/JPY,サクソバンク証券,3.0,None,None,None,error,None
2026-04-15,sbi,MXN/JPY,SBI FXトレード,1.0,14.0,-17.0,04月17日,success,2026/04/15
2026-04-15,traders_light,MXN/JPY,LIGHT FX,3.0,None,None,None,success,2026/04/15
2026-04-15,traders_light_light,MXN/JPY,LIGHT FX（LIGHT）,3.0,None,None,None,success,2026/04/15
2026-04-15,traders_min,MXN/JPY,みんなのFX,3.0,None,None,None,error,None
2026-04-15,traders_min_light,MXN/JPY,みんなのFX（LIGHT）,3.0,None,None,None,success,2026/04/15
2026-04-16,gaitame,MXN/JPY,外為どっとコム,1.0,14.0,-19.0,None,success,2026/04/16
2026-04-16,gmo,MXN/JPY,GMO外貨,1.0,15.1,-15.1,None,success,2026/04/16
2026-04-16,gmo_click,MXN/JPY,GMOクリック証券,1.0,14.0,-14.0,None,success,2026/04/16
2026-04-16,hirose,MXN/JPY,ヒロセ通商,1.0,14.0,-19.0,None,success,2026/04/16
2026-04-16,jfx,MXN/JPY,JFX,1.0,14.0,-19.0,None,success,2026/04/16
2026-04-16,matsui,MXN/JPY,MATSUI FX,1.0,13.0,-23.0,None,success,2026/04/16
2026-04-16,saxo,MXN/JPY,サクソバンク証券,1.0,None,None,None,error,None
2026-04-16,sbi,MXN/JPY,SBI FXトレード,3.0,14.0,-17.0,04月20日,success,2026/04/16
2026-04-16,traders_light,MXN/JPY,LIGHT FX,1.0,14.2,None,None,success,2026/04/16
2026-04-16,traders_light_light,MXN/JPY,LIGHT FX（LIGHT）,1.0,14.2,None,None,success,2026/04/16
2026-04-16,central_tanshi,MXN/JPY,セントラル短資FX,1.0,14.5,-16.5,4/17,success,2026/04/16
2026-04-16,traders_min_light,MXN/JPY,みんなのFX（LIGHT）,1.0,14.6,None,None,success,2026/04/16
2026-04-16,click365_okasan,MXN/JPY,クリック365,1.0,14.0,-14.0,None,success,2026/04/16
2026-04-16,invast,MXN/JPY,トライオートFX,1.0,14.7,-29.9,None,success,2026/04/16
2026-04-16,dmm,MXN/JPY,DMM FX,3.0,14.0,-17.0,None,success,2026/04/15
2026-04-16,traders_min,MXN/JPY,みんなのFX,1.0,14.6,None,None,success,2026/04/16
2026-04-17,central_tanshi,MXN/JPY,セントラル短資FX,1.0,14.5,-16.5,4/20,success,2026/04/17
2026-04-17,click365_okasan,MXN/JPY,クリック365,1.0,14.0,-14.0,None,success,2026/04/17
2026-04-17,dmm,MXN/JPY,DMM FX,1.0,14.0,None,None,success,2026/04/17
2026-04-17,gaitame,MXN/JPY,外為どっとコム,1.0,14.0,-19.0,None,success,2026/04/17
2026-04-17,gmo,MXN/JPY,GMO外貨,1.0,15.1,-15.1,None,success,2026/04/17
2026-04-17,gmo_click,MXN/JPY,GMOクリック証券,1.0,14.0,-14.0,None,success,2026/04/17
2026-04-17,hirose,MXN/JPY,ヒロセ通商,1.0,14.0,-19.0,None,success,2026/04/17
2026-04-17,invast,MXN/JPY,トライオートFX,1.0,15.1,-30.3,None,success,2026/04/17
2026-04-17,jfx,MXN/JPY,JFX,1.0,14.0,-19.0,None,success,2026/04/17
2026-04-17,matsui,MXN/JPY,MATSUI FX,1.0,13.0,-23.0,None,success,2026/04/17
2026-04-17,saxo,MXN/JPY,サクソバンク証券,1.0,None,None,None,error,None
2026-04-17,sbi,MXN/JPY,SBI FXトレード,1.0,14.0,-17.0,04月21日,success,2026/04/17
2026-04-17,traders_light,MXN/JPY,LIGHT FX,1.0,14.2,-14.2,None,success,2026/04/17
2026-04-17,traders_light_light,MXN/JPY,LIGHT FX（LIGHT）,1.0,14.2,-14.2,None,success,2026/04/17
2026-04-17,traders_min,MXN/JPY,みんなのFX,1.0,15.1,-15.1,None,success,2026/04/17
2026-04-17,traders_min_light,MXN/JPY,みんなのFX（LIGHT）,1.0,15.1,-15.1,None,success,2026/04/17
2026-04-20,central_tanshi,MXN/JPY,セントラル短資FX,1.0,14.5,-16.5,4/21,success,2026/04/20
2026-04-20,click365_okasan,MXN/JPY,クリック365,1.0,14.6,-14.6,None,success,2026/04/20
2026-04-20,dmm,MXN/JPY,DMM FX,1.0,14.0,None,None,success,2026/04/20
2026-04-20,gaitame,MXN/JPY,外為どっとコム,1.0,14.0,-19.0,None,success,2026/04/20
2026-04-20,gmo,MXN/JPY,GMO外貨,1.0,15.1,-15.1,None,success,2026/04/20
2026-04-20,gmo_click,MXN/JPY,GMOクリック証券,1.0,14.0,-14.0,None,success,2026/04/20
2026-04-20,hirose,MXN/JPY,ヒロセ通商,1.0,14.0,-19.0,None,success,2026/04/20
2026-04-20,jfx,MXN/JPY,JFX,1.0,14.0,-19.0,None,success,2026/04/20
2026-04-20,matsui,MXN/JPY,MATSUI FX,1.0,13.0,-23.0,None,success,2026/04/20
2026-04-20,saxo,MXN/JPY,サクソバンク証券,1.0,None,None,None,error,None
2026-04-20,traders_light,MXN/JPY,LIGHT FX,1.0,14.2,-14.2,None,success,2026/04/20
2026-04-20,traders_light_light,MXN/JPY,LIGHT FX（LIGHT）,1.0,14.2,-14.2,None,success,2026/04/20
2026-04-20,traders_min_light,MXN/JPY,みんなのFX（LIGHT）,1.0,15.1,-15.1,None,success,2026/04/20
2026-04-20,invast,MXN/JPY,トライオートFX,1.0,15.1,-30.3,None,success,2026/04/20
2026-04-20,sbi,MXN/JPY,SBI FXトレード,1.0,None,None,04月22日,error,2026/04/20
2026-04-20,traders_min,MXN/JPY,みんなのFX,1.0,15.1,-15.1,None,success,2026/04/20
2026-04-21,central_tanshi,MXN/JPY,セントラル短資FX,1.0,14.5,-16.5,4/22,success,2026/04/21
2026-04-21,click365_okasan,MXN/JPY,クリック365,1.0,14.6,-14.6,None,success,2026/04/20
2026-04-21,dmm,MXN/JPY,DMM FX,1.0,14.0,None,None,success,2026/04/21
2026-04-21,gaitame,MXN/JPY,外為どっとコム,1.0,14.0,-19.0,None,success,2026/04/21
2026-04-21,gmo,MXN/JPY,GMO外貨,1.0,15.1,-15.1,None,success,2026/04/21
2026-04-21,gmo_click,MXN/JPY,GMOクリック証券,1.0,14.0,-14.0,None,success,2026/04/21
2026-04-21,hirose,MXN/JPY,ヒロセ通商,1.0,14.0,-19.0,None,success,2026/04/21
2026-04-21,jfx,MXN/JPY,JFX,1.0,14.0,-19.0,None,success,2026/04/21
2026-04-21,matsui,MXN/JPY,MATSUI FX,1.0,13.0,-23.0,None,success,2026/04/21
2026-04-21,saxo,MXN/JPY,サクソバンク証券,1.0,None,None,None,error,None
2026-04-21,sbi,MXN/JPY,SBI FXトレード,1.0,14.0,-17.0,04月23日,success,2026/04/21
2026-04-21,traders_light_light,MXN/JPY,LIGHT FX（LIGHT）,1.0,None,None,None,success,2026/04/21
2026-04-21,traders_min_light,MXN/JPY,みんなのFX（LIGHT）,1.0,15.1,-15.1,None,success,2026/04/21
2026-04-22,central_tanshi,MXN/JPY,セントラル短資FX,3.0,14.5,-16.5,4/23,success,2026/04/22
2026-04-22,click365_okasan,MXN/JPY,クリック365,1.0,None,None,None,error,2026/04/21
2026-04-22,dmm,MXN/JPY,DMM FX,1.0,14.0,None,None,success,2026/04/22
2026-04-22,gaitame,MXN/JPY,外為どっとコム,1.0,14.0,-19.0,None,success,2026/04/22
2026-04-22,gmo,MXN/JPY,GMO外貨,1.0,15.1,-15.1,None,success,2026/04/22
2026-04-22,gmo_click,MXN/JPY,GMOクリック証券,1.0,14.0,-14.0,None,success,2026/04/22
2026-04-22,hirose,MXN/JPY,ヒロセ通商,1.0,14.0,-19.0,None,success,2026/04/22
2026-04-22,invast,MXN/JPY,トライオートFX,1.0,None,None,None,error,None
2026-04-22,jfx,MXN/JPY,JFX,1.0,14.0,-19.0,None,success,2026/04/22
2026-04-22,matsui,MXN/JPY,MATSUI FX,1.0,13.0,-23.0,None,success,2026/04/22
2026-04-22,saxo,MXN/JPY,サクソバンク証券,1.0,None,None,None,error,None
2026-04-22,sbi,MXN/JPY,SBI FXトレード,1.0,14.0,-17.0,04月24日,success,2026/04/22
2026-04-22,traders_light,MXN/JPY,LIGHT FX,1.0,None,None,None,success,2026/04/22
2026-04-22,traders_light_light,MXN/JPY,LIGHT FX（LIGHT）,1.0,None,None,None,success,2026/04/22
2026-04-22,traders_min,MXN/JPY,みんなのFX,1.0,None,None,None,error,None
2026-04-22,traders_min_light,MXN/JPY,みんなのFX（LIGHT）,1.0,None,None,None,success,2026/04/22
2026-04-23,central_tanshi,MXN/JPY,セントラル短資FX,1.0,14.5,-16.5,4/24,success,2026/04/23
2026-04-23,click365_okasan,MXN/JPY,クリック365,1.0,13.9,-13.9,None,success,2026/04/23
2026-04-23,dmm,MXN/JPY,DMM FX,1.0,14.0,None,None,success,2026/04/22
2026-04-23,gaitame,MXN/JPY,外為どっとコム,1.0,14.0,-19.0,None,success,2026/04/23
2026-04-23,gmo,MXN/JPY,GMO外貨,1.0,15.1,-15.1,None,success,2026/04/23
2026-04-23,gmo_click,MXN/JPY,GMOクリック証券,1.0,14.0,-14.0,None,success,2026/04/23
2026-04-23,hirose,MXN/JPY,ヒロセ通商,1.0,14.0,-19.0,None,success,2026/04/23
2026-04-23,invast,MXN/JPY,トライオートFX,1.0,15.2,-30.4,None,success,2026/04/23
2026-04-23,jfx,MXN/JPY,JFX,1.0,14.0,-19.0,None,success,2026/04/23
2026-04-23,matsui,MXN/JPY,MATSUI FX,1.0,75.0,-75.0,None,error,2026/04/23
2026-04-23,saxo,MXN/JPY,サクソバンク証券,1.0,None,None,None,error,None
2026-04-23,sbi,MXN/JPY,SBI FXトレード,1.0,14.0,-17.0,04月27日,success,2026/04/23
2026-04-23,traders_light,MXN/JPY,LIGHT FX,1.0,14.2,-14.2,None,success,2026/04/23
2026-04-23,traders_light_light,MXN/JPY,LIGHT FX（LIGHT）,1.0,14.2,-14.2,None,success,2026/04/23
2026-04-23,traders_min,MXN/JPY,みんなのFX,1.0,15.1,-15.1,None,success,2026/04/23
2026-04-23,traders_min_light,MXN/JPY,みんなのFX（LIGHT）,1.0,15.1,-15.1,None,success,2026/04/23
2026-04-24,central_tanshi,MXN/JPY,セントラル短資FX,2.0,14.5,-16.5,4/27,success,2026/04/24
2026-04-24,click365_okasan,MXN/JPY,クリック365,2.0,14.55,-14.55,None,success,2026/04/24
2026-04-24,dmm,MXN/JPY,DMM FX,1.0,14.0,-17.0,None,success,2026/04/24
2026-04-24,gaitame,MXN/JPY,外為どっとコム,2.0,14.0,-19.0,None,success,2026/04/24
2026-04-24,gmo,MXN/JPY,GMO外貨,2.0,15.1,-15.1,None,success,2026/04/24
2026-04-24,gmo_click,MXN/JPY,GMOクリック証券,2.0,14.0,-14.0,None,success,2026/04/24
2026-04-24,hirose,MXN/JPY,ヒロセ通商,2.0,14.0,-19.0,None,success,2026/04/24
2026-04-24,invast,MXN/JPY,トライオートFX,2.0,15.1,-30.3,None,success,2026/04/24
2026-04-24,jfx,MXN/JPY,JFX,2.0,14.0,-19.0,None,success,2026/04/24
2026-04-24,matsui,MXN/JPY,MATSUI FX,2.0,13.0,-23.0,None,success,2026/04/24
2026-04-24,saxo,MXN/JPY,サクソバンク証券,2.0,11.21,-19.55,None,success,2026/04/24
2026-04-24,sbi,MXN/JPY,SBI FXトレード,1.0,14.0,-17.0,04月28日,success,2026/04/24
2026-04-24,traders_light,MXN/JPY,LIGHT FX,2.0,14.2,-14.2,None,success,2026/04/24
2026-04-24,traders_light_light,MXN/JPY,LIGHT FX（LIGHT）,2.0,14.2,-14.2,None,success,2026/04/24
2026-04-24,traders_min,MXN/JPY,みんなのFX,2.0,15.1,-15.1,None,success,2026/04/24
2026-04-24,traders_min_light,MXN/JPY,みんなのFX（LIGHT）,2.0,15.1,-15.1,None,success,2026/04/24
2026-04-27,central_tanshi,MXN/JPY,セントラル短資FX,7.0,14.5,-16.5,4/28,success,2026/04/27
2026-04-27,click365_okasan,MXN/JPY,クリック365,7.0,None,None,None,error,2026/04/24
2026-04-27,dmm,MXN/JPY,DMM FX,1.0,14.0,-17.0,None,success,2026/04/27
2026-04-27,gaitame,MXN/JPY,外為どっとコム,7.0,14.0,-19.0,None,success,2026/04/27
2026-04-27,gmo,MXN/JPY,GMO外貨,7.0,15.1,-15.1,None,success,2026/04/27
2026-04-27,gmo_click,MXN/JPY,GMOクリック証券,7.0,14.0,-14.0,None,success,2026/04/27
2026-04-27,hirose,MXN/JPY,ヒロセ通商,7.0,14.0,-19.0,None,success,2026/04/27
2026-04-27,invast,MXN/JPY,トライオートFX,7.0,None,None,None,error,None
2026-04-27,jfx,MXN/JPY,JFX,7.0,14.0,-19.0,None,success,2026/04/27
2026-04-27,matsui,MXN/JPY,MATSUI FX,7.0,13.0,-23.0,None,success,2026/04/27
2026-04-27,sbi,MXN/JPY,SBI FXトレード,1.0,None,None,04月30日,error,2026/04/27
2026-04-27,traders_light,MXN/JPY,LIGHT FX,7.0,14.200000000000001,-14.200000000000001,None,success,2026/04/27
2026-04-27,traders_light_light,MXN/JPY,LIGHT FX（LIGHT）,7.0,14.200000000000001,-14.200000000000001,None,success,2026/04/27
2026-04-27,traders_min,MXN/JPY,みんなのFX,7.0,14.299999999999999,-14.299999999999999,None,success,2026/04/27
2026-04-27,traders_min_light,MXN/JPY,みんなのFX（LIGHT）,7.0,14.299999999999999,-14.299999999999999,None,success,2026/04/27
2026-04-28,central_tanshi,MXN/JPY,セントラル短資FX,7.0,0.0,0.0,None,error,2026/04/28
2026-04-28,click365_okasan,MXN/JPY,クリック365,7.0,None,None,None,error,2026/04/27
2026-04-28,dmm,MXN/JPY,DMM FX,7.0,14.0,-17.0,None,success,2026/04/28
2026-04-28,gaitame,MXN/JPY,外為どっとコム,7.0,14.0,-19.0,None,success,2026/04/28
2026-04-28,gmo,MXN/JPY,GMO外貨,7.0,0.0,0.0,None,error,2026/04/28
2026-04-28,gmo_click,MXN/JPY,GMOクリック証券,7.0,0.0,0.0,None,error,2026/04/28
2026-04-28,hirose,MXN/JPY,ヒロセ通商,7.0,14.0,-19.0,None,success,2026/04/28
2026-04-28,invast,MXN/JPY,トライオートFX,7.0,None,None,None,error,None
2026-04-28,jfx,MXN/JPY,JFX,7.0,14.0,-19.0,None,success,2026/04/28
2026-04-28,matsui,MXN/JPY,MATSUI FX,7.0,None,None,None,error,None
2026-04-28,sbi,MXN/JPY,SBI FXトレード,7.0,14.0,-17.0,05月07日,success,2026/04/28
2026-04-28,traders_light,MXN/JPY,LIGHT FX,7.0,None,None,None,error,2026/04/27
2026-04-28,traders_light_light,MXN/JPY,LIGHT FX（LIGHT）,7.0,None,None,None,error,2026/04/27
2026-04-28,traders_min,MXN/JPY,みんなのFX,7.0,None,None,None,error,None
2026-04-28,traders_min_light,MXN/JPY,みんなのFX（LIGHT）,7.0,None,None,None,error,2026/04/27
2026-04-29,invast,MXN/JPY,トライオートFX,1.0,None,None,None,error,None
2026-04-29,traders_light,MXN/JPY,LIGHT FX,1.0,None,None,None,success,2026/04/29
2026-04-29,traders_light_light,MXN/JPY,LIGHT FX（LIGHT）,1.0,None,None,None,error,None
2026-04-29,traders_min,MXN/JPY,みんなのFX,1.0,None,None,None,success,2026/04/29
2026-04-29,traders_min_light,MXN/JPY,みんなのFX（LIGHT）,1.0,None,None,04/29,success,2026/04/29
